"Permit.Application.No.","Applicant","Expiration.Date","Location","Project.Description","Project.Manager.Phone","Project.Manager.Email","Project.Manager.Name","Public.Notice.Date","Public.Notice.URL","Total.Acres","CUP","WQC","Says..Section.10.","Says..Section.404.","Says..Drill.","Says..Road.","Says..Mitigation.Bank.","Parish"
"MVN-2011-30781-WII","Crosstex NGL Pipeline","2012-08-27 00:00:00","Multiple Parishes","Natural Gas Pipeline in Calcasieu, Jefferson Davis, Allen and Acadia Parishes in MULTIPLE PARISHES","504-862-1113","Miranda.A.Martin@usace.army.mil","Miranda Martin","2012-08-06 00:00:00","http://chainsaw.chickenkiller.com:1419/pdfs/MVN-2011-30781-WII/public_notice.pdf",39.3,"","111130-01","True","True","True","True","False",NA
"MVN-2010-0488-EFF","CRX, LLC","2012-08-27 00:00:00","Orleans Parish","Excavate and deposit fill for a home site, recreational uses, and marsh protection and restoration in ORLEANS PARISH","504-862-2260","Darrell.Barbara@usace.army.mil","Darrell Barbara","2012-08-06 00:00:00","http://chainsaw.chickenkiller.com:1419/pdfs/MVN-2010-0488-EFF/public_notice.pdf",27.38,"","","True","True","False","False","False","Orleans"
"MVN-2010-1080-WLL_MVN-2010-1032-WLLB","Mallard Basin LLC","2012-08-26 00:00:00","St. Martin Parish","Moist soil management project and structures in ST. MARTIN PARISH","504-862-1954","michael.h.herrmann@usace.army.mil","Mike Herrmann","2012-08-06 00:00:00","http://chainsaw.chickenkiller.com:1419/pdfs/MVN-2010-1080-WLL_MVN-2010-1032-WLLB/public_notice.pdf",1900,"","","True","False","False","True","False","St. Martin"
"MVN-2010-1080-WLL_MVN-2010-1032-WLL-A","Mallard Basin LLC","2012-08-26 00:00:00","St. Martin Parish","Moist soil management project and structures in ST. MARTIN PARISH","504-862-1954","michael.h.herrmann@usace.army.mil","Mike Herrmann","2012-08-06 00:00:00","http://chainsaw.chickenkiller.com:1419/pdfs/MVN-2010-1080-WLL_MVN-2010-1032-WLL-A/public_notice.pdf",7900.9,"","","False","True","False","True","False","St. Martin"
"MVN-2012-01965-WKK","Karen Rae Dulany","2012-08-26 00:00:00","Calcasieu Parish","Bulkhead and Fill in CALCASIEU PARISH","504-862-1025","sara.b.fortuna@usace.army.mil","Sara Fortuna","2012-08-06 00:00:00","http://chainsaw.chickenkiller.com:1419/pdfs/MVN-2012-01965-WKK/public_notice.pdf",4.04,"","","True","True","False","True","False","Calcasieu"
"MVN-2012-01340-CM","Alvin G. Bateman","2012-08-27 00:00:00","Livingston Parish","Rip rap for erosion protection on the Amite River in LIVINGSTON PARISH","504-862-1301","neil.t.gauthier@usace.army.mil","Neil Gauthier","2012-08-06 00:00:00","http://chainsaw.chickenkiller.com:1419/pdfs/MVN-2012-01340-CM/public_notice.pdf",0,"","","True","True","False","True","False","Livingston"
"MVN-2010-0024-EII","CHEVRON PIPELINE COMPANY","2012-08-19 00:00:00","Plaquemines Parish","DREDGE IN ORDER TO DIRECTIONALLY BORE FOR A REPLACEMENT PIPELINE in PLAQUEMINES PARISH","504-862-2822","Edward.F.Wrubluski@usace.army.mil","Ed Wrubluski","2012-07-30 00:00:00","http://chainsaw.chickenkiller.com:1419/pdfs/MVN-2010-0024-EII/public_notice.pdf",22.92,"","","True","True","False","False","False","Plaquemines"
"MVN-2012-01935-WKK","Orbit Energy, Inc.","2012-08-26 00:00:00","Multiple Parishes","3-D Seismic Survey in MULTIPLE PARISHES","504-862-1025","sara.b.fortuna@usace.army.mil","Sara Fortuna","2012-08-06 00:00:00","http://chainsaw.chickenkiller.com:1419/pdfs/MVN-2012-01935-WKK/public_notice.pdf",0,"","","True","True","True","True","False","Multiple Parishes"
"MVN-2012-1266-CU","Carline Management","2012-09-05 00:00:00","Ascension Parish","Barge fleeting operation in Mississippi River, Mile176 in ASCENSION PARISH","504-862-1588","Doris.Terrell@usace.army.mil","Doris Terrell","2012-08-06 00:00:00","http://chainsaw.chickenkiller.com:1419/pdfs/MVN-2012-1266-CU/public_notice.pdf",0,"","","False","False","False","False","False","Ascension"
"MVN-2012-0915-CU","Dixie Shipyard, Inc.","2012-08-26 00:00:00","Terrebonne Parish","Maintenance dredging, bulkhead and concrete mats in slip off GIWW in TERREBONNE PARISH","504-862-1588","Doris.Terrell@usace.army.mil","Doris Terrell","2012-08-06 00:00:00","http://chainsaw.chickenkiller.com:1419/pdfs/MVN-2012-0915-CU/public_notice.pdf",0.5,"","120801-01","True","True","False","False","False","Terrebonne"
"MVN-2011-1918-CU","Art Lancaster","2012-08-26 00:00:00","East Baton Rouge Parish","Clearing and fill for single-family residential development in EAST BATON ROUGE PARISH","504-862-1588","Doris.Terrell@usace.army.mil","Doris Terrell","2012-08-06 00:00:00","http://chainsaw.chickenkiller.com:1419/pdfs/MVN-2011-1918-CU/public_notice.pdf",1.24,"","110808-04","True","True","False","True","True","East Baton Rouge"
"MVN-2012-1762-CU","Catherine Rogers","2012-08-22 00:00:00","Lafourche Parish","Dredging, riprap on Bayou Lafourche in LAFOURCHE PARISH","504-862-1588","Doris.Terrell@usace.army.mil","Doris Terrell","2012-08-02 00:00:00","http://chainsaw.chickenkiller.com:1419/pdfs/MVN-2012-1762-CU/public_notice.pdf",0.16,"P20120790","","True","True","False","False","False","Lafourche"
"MVN-2011-02043-ETT","Plaquemines Parish Goverment","2012-08-20 00:00:00","Plaquemines Parish","Restore Cat Island in PLAQUEMINES PARISH","504-862-2041","Robert.M.Tewis2@usace.army.mil","Robert Tewis","2012-07-30 00:00:00","http://chainsaw.chickenkiller.com:1419/pdfs/MVN-2011-02043-ETT/public_notice.pdf",276,"","120730-01","True","True","False","False","False","Plaquemines"
"MVN-2012-1846-WII","St. Charles Gaming Company, Inc.","2012-08-14 00:00:00","St. Charles Parish","Mooring Facilities for Museum Ship in Calcasieu Parish in ST. CHARLES PARISH","504-862-2272","James.Little@usace.army.mil","James Little","2012-07-30 00:00:00","http://chainsaw.chickenkiller.com:1419/pdfs/MVN-2012-1846-WII/public_notice.pdf",0.009,"","","True","True","False","False","False","St. Charles"
"MVN-2012-00199-CM","Strand Energy, LLC","2012-08-20 00:00:00","Livingston Parish","3D Seismic Survey in Livingston Parish in LIVINGSTON PARISH","504-862-1301","neil.t.gauthier@usace.army.mil","Neil Gauthier","2012-07-30 00:00:00","http://chainsaw.chickenkiller.com:1419/pdfs/MVN-2012-00199-CM/public_notice.pdf",0,"","","True","True","True","False","False","Livingston"
"MVN-2011-00989-CL","Chris Moran's Marina, LLC","2012-08-19 00:00:00","Lafourche Parish","Fill for a parking lot in LAFOURCHE PARISH","504-862-1577","amy.l.oestringer@usace.army.mil","Amy Oestringer","2012-07-30 00:00:00","http://chainsaw.chickenkiller.com:1419/pdfs/MVN-2011-00989-CL/public_notice.pdf",1.6,"","","True","True","False","False","True","Lafourche"
"MVN-2005-1630-CYA","Lafourche Parish Government","2012-08-19 00:00:00","Lafourche Parish","Proposed modification to Choupic Levee C in LAFOURCHE PARISH","504-862-1581","John.M.Herman@usace.army.mil","John Herman","2012-07-30 00:00:00","http://chainsaw.chickenkiller.com:1419/pdfs/MVN-2005-1630-CYA/public_notice.pdf",0,"","","True","True","False","False","False","Lafourche"
"MVN-2006-0335-CYA","Terrebonne Parish Consolidated Government","2012-08-19 00:00:00","Terrebonne Parish","Proposed Ward 7 Levee Improvements and Northern Extension in TERREBONNE PARISH","504-862-1581","John.M.Herman@usace.army.mil","John Herman","2012-07-30 00:00:00","http://chainsaw.chickenkiller.com:1419/pdfs/MVN-2006-0335-CYA/public_notice.pdf",11.5,"","","True","True","False","True","False","Terrebonne"
"MVN-2012-1879-EII","LOUISIANA DEPARTMENT OF WILD LIFE AND FISHERIES","2012-08-14 00:00:00","Plaquemines Parish","ARTIFICIAL REEF STRUCTURE IN WEST DELTA, BLOCK 76 in PLAQUEMINES PARISH","504-862-2822","Edward.F.Wrubluski@usace.army.mil","Ed Wrubluski","2012-07-30 00:00:00","http://chainsaw.chickenkiller.com:1419/pdfs/MVN-2012-1879-EII/public_notice.pdf",0,"","","False","False","False","False","False","Plaquemines"
"MVN-2012-1732-WJJ","Dennis Blaylock","2012-08-12 00:00:00","Cameron Parish","Reclaim waterfront property, contruct: house, wharf, boathouse in CAMERON PARISH","504-862-2224","Bobby.D.Quebedeaux@usace.army.mil","Bobby Quebedeaux","2012-07-23 00:00:00","http://chainsaw.chickenkiller.com:1419/pdfs/MVN-2012-1732-WJJ/public_notice.pdf",0,"P20120678","","True","True","False","False","True","Cameron"
"MVN-2012-1660-WII","City of Lake Charles","2012-08-12 00:00:00","Calcasieu Parish","Sewer Force Main in Calcasieu Parish in CALCASIEU PARISH","504-862-2272","James.Little@usace.army.mil","James Little","2012-07-23 00:00:00","http://chainsaw.chickenkiller.com:1419/pdfs/MVN-2012-1660-WII/public_notice.pdf",2.05,"","","True","True","False","True","True","Calcasieu"
"MVN-2012-1504-CQ","Mr. Leland Anderson","2012-08-13 00:00:00","Ascension Parish","Install a boat ramp, deck, boatshed, and rip-rap placement along lot on Amite River in ASCENSION PARISH","504-862-1217","Kenneth.G.Blanke@usace.army.mil","Kenneth Blanke","2012-01-23 00:00:00","http://chainsaw.chickenkiller.com:1419/pdfs/MVN-2012-1504-CQ/public_notice.pdf",0.04,"","120709-01","True","True","False","False","False","Ascension"
"MVN-2012-1608-CQ","Berthelot Holdings, LLC","2012-08-13 00:00:00","Ascension Parish","Clear, Grade, Place and Maintain Fill Material for Residential Subdivision in ASCENSION PARISH","504-862-1217","Kenneth.G.Blanke@usace.army.mil","Kenneth Blanke","2012-07-23 00:00:00","http://chainsaw.chickenkiller.com:1419/pdfs/MVN-2012-1608-CQ/public_notice.pdf",62.68,"","120719-06","True","True","False","True","True","Ascension"
"MVN-2008-3300-WJJ","Lafourche Parish Government","2012-08-12 00:00:00","Lafourche Parish","Dredge & Fill for Marsh Creation in LAFOURCHE PARISH","504-862-2224","Bobby.D.Quebedeaux@usace.army.mil","Bobby Quebedeaux","2012-07-23 00:00:00","http://chainsaw.chickenkiller.com:1419/pdfs/MVN-2008-3300-WJJ/public_notice.pdf",4286,"","","True","True","False","False","False","Lafourche"
"MVN-2010-1270-WII","Prairie Gregg Drainage District of Vermilion","2012-08-12 00:00:00","Vermilion Parish","Levee Restoration in Vermilion Parish in VERMILION PARISH","504-862-2272","James.Little@usace.army.mil","James Little","2012-07-23 00:00:00","http://chainsaw.chickenkiller.com:1419/pdfs/MVN-2010-1270-WII/public_notice.pdf",11.94,"","","True","True","False","False","False","Vermilion"
"MVN-2012-01027-WMM","Big R Towing","2012-08-07 00:00:00","St. Mary Parish","Boat Slip and Bulkhead in ST. MARY PARISH","504-862-1879","angelle.v.greer@usace.army.mil","Angelle Greer","2012-07-23 00:00:00","http://chainsaw.chickenkiller.com:1419/pdfs/MVN-2012-01027-WMM/public_notice.pdf",0,"","","True","True","False","True","False","St. Mary"
"MVN-2012-00926","Lafourche Parish Government","2012-08-13 00:00:00","Lafourche Parish","Terrace Construction in Lafourche Parish in LAFOURCHE PARISH","504-862-2548","Johnny.j.duplantis@usace.army.mil","Johnny Duplantis","2012-07-23 00:00:00","http://chainsaw.chickenkiller.com:1419/pdfs/MVN-2012-00926/public_notice.pdf",1205.6,"","120718-01","True","True","False","False","False","Lafourche"
"MVN-2012-0740-EBB","Greg Beyer","2012-08-12 00:00:00","Terrebonne Parish","Boat structures and driveway for camp on Bayou Dularge in TERREBONNE PARISH","504-862-2045","jennifer.e.burkett@usace.army.mil","Jennifer Burkett","2012-07-23 00:00:00","http://chainsaw.chickenkiller.com:1419/pdfs/MVN-2012-0740-EBB/public_notice.pdf",0.04,"","","True","True","False","True","False","Terrebonne"
"MVN-2009-0862-EBB","Jefferson Parish Water Department","2012-08-22 00:00:00","Jefferson Parish","Maintenance dredging of water intake on Mississippi River in JEFFERSON PARISH","504-862-2045","jennifer.e.burkett@usace.army.mil","Jennifer Burkett","2012-07-23 00:00:00","http://chainsaw.chickenkiller.com:1419/pdfs/MVN-2009-0862-EBB/public_notice.pdf",0.6,"","","True","True","False","False","False","Jefferson"
"MVN-1997-0884-EPP","Bollinger Quick Repair","2012-08-22 00:00:00","Jefferson Parish","Modification/Time extension to maintenance dredge within the Harvey Canal and deposit dredge material into the Mississippi River in JEFFERSON PARISH","504-862-1564","Stephanie.L.Lacroix@usace.army.mil","Stephanie Lacroix","2012-07-23 00:00:00","http://chainsaw.chickenkiller.com:1419/pdfs/MVN-1997-0884-EPP/public_notice.pdf",0,"","","True","True","False","False","False","Jefferson"
"MVN-2012-1598-EFF","Hilcorp Energy Co.","2012-08-13 00:00:00","Plaquemines Parish","Remove an oil and gas facility in Lake Washington Field in PLAQUEMINES PARISH","504-862-2260","Darrell.Barbara@usace.army.mil","Darrell Barbara","2012-07-23 00:00:00","http://chainsaw.chickenkiller.com:1419/pdfs/MVN-2012-1598-EFF/public_notice.pdf",0,"","","False","False","False","False","False","Plaquemines"
"MVN-2012-0887-CO","Texas Brine Company","2012-08-11 00:00:00","Iberville Parish","Clear, grade, and fill fror brine well in IBERVILLE PARISH","504-862-2675","Jamie.M.Crowe@usace.army.mil","Jamie Crowe","2012-07-23 00:00:00","http://chainsaw.chickenkiller.com:1419/pdfs/MVN-2012-0887-CO/public_notice.pdf",0,"","","False","False","False","False","False","Iberville"
"MVN-2011-0639-EQ","Crescent Towing","2012-08-21 00:00:00","Orleans Parish","Improvements to Crescent Towing facility along the Mississippi River in ORLEANS PARISH","504-862-2543","melissa.a.ellis@usace.army.mil","Melissa Ellis","2012-07-23 00:00:00","http://chainsaw.chickenkiller.com:1419/pdfs/MVN-2011-0639-EQ/public_notice.pdf",0,"","","False","False","False","False","False","Orleans"
"MVN-2012-1174-WII","Donald Thomas Ash","2012-08-05 00:00:00","Calcasieu Parish","Single Family Residential Subdivision in Calcasieu Parish in CALCASIEU PARISH","504-862-2272","James.Little@usace.army.mil","James Little","2012-07-16 00:00:00","http://chainsaw.chickenkiller.com:1419/pdfs/MVN-2012-1174-WII/public_notice.pdf",0,"","","False","False","False","False","False","Calcasieu"
"MVN-2004-5061-EOO","Port of New Orleans","2012-07-30 00:00:00","Orleans Parish","Install and maintain a dock structure in the MRGO in ORLEANS PARISH","504-862-2225","Brad.LaBorde@usace.army.mil","Brad LaBorde","2012-07-16 00:00:00","http://chainsaw.chickenkiller.com:1419/pdfs/MVN-2004-5061-EOO/public_notice.pdf",0,"","","False","False","False","False","False","Orleans"
"MVN-2012-01496-WMM","Garrett Jayson Cormie","2012-08-05 00:00:00","Calcasieu Parish","Bulkhead and Boathouse in CALCASIEU PARISH","504-862-1879","angelle.v.greer@usace.army.mil","Angelle Greer","2012-07-16 00:00:00","http://chainsaw.chickenkiller.com:1419/pdfs/MVN-2012-01496-WMM/public_notice.pdf",0,"","","False","False","False","False","False","Calcasieu"
"MVN-2012-00786-WMM","Avoyelles Parish Police Jury","2012-08-05 00:00:00","Avoyelles Parish","Dredging for Drainage Improvements in AVOYELLES PARISH","504-862-1879","angelle.v.greer@usace.army.mil","Angelle Greer","2012-07-16 00:00:00","http://chainsaw.chickenkiller.com:1419/pdfs/MVN-2012-00786-WMM/public_notice.pdf",0,"","","False","False","False","False","False","Avoyelles"
"MVN-2012-1489-EMM","Tim Couvillion","2012-08-05 00:00:00","Plaquemines Parish","Install and Maintain a Levee Ramp, Boat Launch, and Boat Shed in PLAQUEMINES PARISH","504-862-2259","Scott.N.Kennedy@usace.army.mil","Scott Kennedy","2012-07-16 00:00:00","http://chainsaw.chickenkiller.com:1419/pdfs/MVN-2012-1489-EMM/public_notice.pdf",0,"","","False","False","False","False","False","Plaquemines"
"MVN-2012-1644-WJJ","J.P. Holdings, LLC","2012-08-05 00:00:00","St. Martin Parish","Commercial & residential development in ST. MARTIN PARISH","504-862-2224","Bobby.D.Quebedeaux@usace.army.mil","Bobby Quebedeaux","2012-07-16 00:00:00","http://chainsaw.chickenkiller.com:1419/pdfs/MVN-2012-1644-WJJ/public_notice.pdf",0,"","","False","False","False","False","False","St. Martin"
"MVN-2012-01146-CJ","Terrebonne Parish Consolidated Government","2012-08-05 00:00:00","Terrebonne Parish","Bridge and T-Turnaround Construction and Bridge Demolition/Removal in TERREBONNE PARISH","504-862-2278","christine.thibodeaux@usace.army.mil","Christine Thibodeaux","2012-07-16 00:00:00","http://chainsaw.chickenkiller.com:1419/pdfs/MVN-2012-01146-CJ/public_notice.pdf",0,"","","False","False","False","False","False","Terrebonne"
"MVN-2012-01620-ETT","Robert Pflueger","2012-07-29 00:00:00","St. Tammany Parish","Remove boat dock, install bulkhead in ST. TAMMANY PARISH","504-862-2041","Robert.M.Tewis2@usace.army.mil","Robert Tewis","2012-07-09 00:00:00","http://chainsaw.chickenkiller.com:1419/pdfs/MVN-2012-01620-ETT/public_notice.pdf",0,"","","False","False","False","False","False","St. Tammany"
"MVN-2012-1081-EFF","NRCS","2012-07-30 00:00:00","St. Charles Parish","(PO-75) East LaBranch-Marsh Creation- Pilot Project in ST. CHARLES PARISH","504-862-2260","Darrell.Barbara@usace.army.mil","Darrell Barbara","2012-07-10 00:00:00","http://chainsaw.chickenkiller.com:1419/pdfs/MVN-2012-1081-EFF/public_notice.pdf",0,"","","False","False","False","False","False","St. Charles"
"MVN-2002-2357-EII","SEA POINT L.L.C.","2012-08-03 00:00:00","Plaquemines Parish","TIME EXTENSION FOR A PREVIOUSLY PERMITTED TRANSFER FACILITY IN THE MISSISSIPPI RIVER in PLAQUEMINES PARISH","504-862-2822","Edward.F.Wrubluski@usace.army.mil","Ed Wrubluski","2012-07-09 00:00:00","http://chainsaw.chickenkiller.com:1419/pdfs/MVN-2002-2357-EII/public_notice.pdf",0,"","","False","False","False","False","False","Plaquemines"
"MVN-2009-0454-EIIA","BOARD OF COMMISSIONERS OF THE PORT OF NEW ORLEANS","2012-08-03 00:00:00","Orleans Parish","INSTALLATION OF TIMBER PILES AND FLOATING DOCKS in ORLEANS PARISH","504-862-2822","Edward.F.Wrubluski@usace.army.mil","Ed Wrubluski","2012-07-09 00:00:00","http://chainsaw.chickenkiller.com:1419/pdfs/MVN-2009-0454-EIIA/public_notice.pdf",0,"","","False","False","False","False","False","Orleans"
"MVN-2011-01090-WPP","Terrebonne Parish Levee & Conservation District","2012-07-30 00:00:00","Terrebonne Parish","Falgout Canal Levee Construction (Reach E) in Terrebonne Parish in TERREBONNE PARISH","504-862-2548","Johnny.j.duplantis@usace.army.mil","Johnny Duplantis","2012-07-09 00:00:00","http://chainsaw.chickenkiller.com:1419/pdfs/MVN-2011-01090-WPP/public_notice.pdf",0,"","","False","False","False","False","False","Terrebonne"
"MVN-2012-1413-EMM","Lafourche Parish Government","2012-07-29 00:00:00","Lafourche Parish","Install and Maintain a Bulkhead and Backfill in Bayou Des Allemandes in LAFOURCHE PARISH","504-862-2259","Scott.N.Kennedy@usace.army.mil","Scott Kennedy","2012-07-09 00:00:00","http://chainsaw.chickenkiller.com:1419/pdfs/MVN-2012-1413-EMM/public_notice.pdf",0,"","","False","False","False","False","False","Lafourche"
"MVN-2012-1395-EMM","Plains Pipeline, LP","2012-07-29 00:00:00","Plaquemines Parish","Excavate and Perform Remediation to the 24"" CAM Pipeline in PLAQUEMINES PARISH","504-862-2259","Scott.N.Kennedy@usace.army.mil","Scott Kennedy","2012-07-09 00:00:00","http://chainsaw.chickenkiller.com:1419/pdfs/MVN-2012-1395-EMM/public_notice.pdf",0,"","","False","False","False","False","False","Plaquemines"
"MVN-2012-1259-CL","CGB Marine Services @ MP 164","2012-08-09 00:00:00","St. James Parish","Barge fleeting in the Mississippi River in ST. JAMES PARISH","504-862-1577","amy.l.oestringer@usace.army.mil","Amy Oestringer","2012-07-09 00:00:00","http://chainsaw.chickenkiller.com:1419/pdfs/MVN-2012-1259-CL/public_notice.pdf",0,"","","False","False","False","False","False","St. James"
"MVN-2012-1096-EPP","Plaquemines Holdings, LLC","2012-08-08 00:00:00","Plaquemines Parish","Construct a barge dock within the Mississippi River in PLAQUEMINES PARISH","504-862-1564","Stephanie.L.Lacroix@usace.army.mil","Stephanie Lacroix","2012-07-09 00:00:00","http://chainsaw.chickenkiller.com:1419/pdfs/MVN-2012-1096-EPP/public_notice.pdf",0,"","","False","False","False","False","False","Plaquemines"
"CEMVN-NWP-2012","CEMVN","2012-08-03 00:00:00","(NO PROJECT AREA)","Erratum to NWP regional conditions for Louisiana in (NO PROJECT AREA)","504-862-2227","stephen.d.pfeffer@usace.army.mil","Stephen Pfeffer","2012-07-03 00:00:00","http://chainsaw.chickenkiller.com:1419/pdfs/CEMVN-NWP-2012/public_notice.pdf",0,"","","False","False","False","False","False",NA
"MVN-2012-1806-EQ","Michael Dembrun","2012-09-02 00:00:00","Orleans Parish","Reclaim land to construct compground on Bayou Bienvenue in ORLEANS PARISH","504-862-2543","melissa.a.ellis@usace.army.mil","Melissa Ellis","2012-08-13 00:00:00","http://chainsaw.chickenkiller.com:1419/pdfs/MVN-2012-1806-EQ/public_notice.pdf",0,"","","False","False","False","False","False","Orleans"
"MVN-2012-1967-EBB","Port of New Orleans","2012-09-02 00:00:00","Orleans Parish","Barge mooring on Mississippi River Gulf Outlet in ORLEANS PARISH","504-862-2045","jennifer.e.burkett@usace.army.mil","Jennifer Burkett","2012-08-13 00:00:00","http://chainsaw.chickenkiller.com:1419/pdfs/MVN-2012-1967-EBB/public_notice.pdf",0,"","","True","True","False","False","False","Orleans"
"MVN-1997-0156-CO","Masco, Inc.","2012-09-11 00:00:00","St. John the Baptist Parish","Time extension for commercial sand dredging in Mississippi River in ST. JOHN THE BAPTIST PARISH","504-862-2675","Jamie.M.Crowe@usace.army.mil","Jamie Crowe","2012-08-13 00:00:00","http://chainsaw.chickenkiller.com:1419/pdfs/MVN-1997-0156-CO/public_notice.pdf",0,"","060811-03","True","True","False","False","False","St. John the Baptist"
"MVN-2011-2044-CO","Impala Warehousing, LLC","2012-09-11 00:00:00","Ascension Parish","Dredge, structures and fill in Mississippi River to rehabilitate coal facility in ASCENSION PARISH","504-862-2675","Jamie.M.Crowe@usace.army.mil","Jamie Crowe","2012-08-13 00:00:00","http://chainsaw.chickenkiller.com:1419/pdfs/MVN-2011-2044-CO/public_notice.pdf",12,"","120810-01","True","True","False","False","False","Ascension"
"MVN-2012-01842-WNN","Houma Terrebonne Airport Commission","2012-09-02 00:00:00","Terrebonne Parish","Sub-surface drainage improvements in TERREBONNE PARISH","504-862-2272","john.c.price@usace.army.mil","John Price","2012-08-13 00:00:00","http://chainsaw.chickenkiller.com:1419/pdfs/MVN-2012-01842-WNN/public_notice.pdf",0.33,"","","True","True","False","True","True","Terrebonne"
"MVN-2012-01268-WNN","Chennault International Airport Authority","2012-09-02 00:00:00","Calcasieu Parish","Emergency vehicle access road in CALCASIEU PARISH","504-862-2272","john.c.price@usace.army.mil","John Price","2012-08-13 00:00:00","http://chainsaw.chickenkiller.com:1419/pdfs/MVN-2012-01268-WNN/public_notice.pdf",1.33,"","","True","True","False","True","True","Calcasieu"
"MVN-2012-1757-EPP","Sidney Malone","2012-08-28 00:00:00","Jefferson Parish","ATF Construction of storage shed, walkway, cleaning station, two boat slips, and bridge to adjacent island in JEFFERSON PARISH","504-862-1564","Stephanie.L.Lacroix@usace.army.mil","Stephanie Lacroix","2012-08-13 00:00:00","http://chainsaw.chickenkiller.com:1419/pdfs/MVN-2012-1757-EPP/public_notice.pdf",0,"","","True","True","False","False","False","Jefferson"
"MVN-2012-00689-WLL","Lucas Carlino","2012-09-02 00:00:00","St. Mary Parish","Bulkhead and fill in ST. MARY PARISH","504-862-1954","michael.h.herrmann@usace.army.mil","Mike Herrmann","2012-08-13 00:00:00","http://chainsaw.chickenkiller.com:1419/pdfs/MVN-2012-00689-WLL/public_notice.pdf",1.34,"","","True","True","False","False","True","St. Mary"
"MVN-2012-0859-EOO","LDWF","2012-09-11 00:00:00","Plaquemines Parish","Bayou Lamoque Floodgate Removal at MM 33.1 in the Mississippi River in PLAQUEMINES PARISH","504-862-2225","Brad.LaBorde@usace.army.mil","Brad LaBorde","2012-08-13 00:00:00","http://chainsaw.chickenkiller.com:1419/pdfs/MVN-2012-0859-EOO/public_notice.pdf",5.46,"","120808-01","True","True","False","False","False","Plaquemines"
"MVN-2010-00704-MR","Robert Maurin","2012-09-20 00:00:00","Livingston Parish","Proposed Jamestown Mitigation Bank in LIVINGSTON PARISH","504-862-2595","Jacqueline.R.Farabee@usace.army.mil","Jacqueline Farabee","2012-08-20 00:00:00","http://chainsaw.chickenkiller.com:1419/pdfs/MVN-2010-00704-MR/public_notice.pdf",676.1,"","110919-01","True","True","False","True","True","Livingston"
"MVN-2012-2023-WB","Discovery Producer Services, LLC","2012-09-04 00:00:00","Lafourche Parish","Pipeline in the Gulf of Mexico in LAFOURCHE PARISH","504-862-2287","Darlene.C.Herman@usace.army.mil","Darlene Herman","2012-08-20 00:00:00","http://chainsaw.chickenkiller.com:1419/pdfs/MVN-2012-2023-WB/public_notice.pdf",0,"","","True","True","False","False","False","Lafourche"
"MVN-2011-02781-WLL","Terrebonne Parish Consolidated Government","2012-09-09 00:00:00","Terrebonne Parish","protection levee in TERREBONNE PARISH","504-862-1954","michael.h.herrmann@usace.army.mil","Mike Herrmann","2012-08-20 00:00:00","http://chainsaw.chickenkiller.com:1419/pdfs/MVN-2011-02781-WLL/public_notice.pdf",3.7,"","","True","True","False","True","True","Terrebonne"
"MVN-2012-00615-WII","William E. Sorkow","2012-09-09 00:00:00","Calcasieu Parish","Bulkhead and fill in CALCASIEU PARISH","504-862-2272","James.Little@usace.army.mil","James Little","2012-08-20 00:00:00","http://chainsaw.chickenkiller.com:1419/pdfs/MVN-2012-00615-WII/public_notice.pdf",0,"","","False","False","False","False","False","Calcasieu"
"MVN-2012-00423-WII","Allen Parish Police Jury","2012-09-09 00:00:00","Allen Parish","Drainage improvements within five waterways in ALLEN PARISH","504-862-2259","Scott.N.Kennedy@usace.army.mil","Scott Kennedy","2012-08-20 00:00:00","http://chainsaw.chickenkiller.com:1419/pdfs/MVN-2012-00423-WII/public_notice.pdf",0,"","","False","False","False","False","False","Allen"
"MVN-2012-01939-WLL","St. Martin Land Company","2012-09-09 00:00:00","St. Martin Parish","earthen plug and culverts on private canal in ST. MARTIN PARISH","504-862-1954","michael.h.herrmann@usace.army.mil","Mike Herrmann","2012-08-20 00:00:00","http://chainsaw.chickenkiller.com:1419/pdfs/MVN-2012-01939-WLL/public_notice.pdf",0,"","","True","True","False","True","False","St. Martin"
"MVN-2012-01424-WLL","Enterprise Products Operating","2012-09-09 00:00:00","Iberia Parish","excavate and lower a pipeline, rebuild rock dike in IBERIA PARISH","504-862-1954","michael.h.herrmann@usace.army.mil","Mike Herrmann","2012-08-20 00:00:00","http://chainsaw.chickenkiller.com:1419/pdfs/MVN-2012-01424-WLL/public_notice.pdf",0,"","","False","False","False","False","False","Iberia"
"MVN-2012-1999-WJJ","St Mary Parish Drainage District No. 2","2012-09-09 00:00:00","St. Mary Parish","Install weir, sheet-pile, matting, section of bulkhead; clean-out ditch in ST. MARY PARISH","504-862-2224","Bobby.D.Quebedeaux@usace.army.mil","Bobby Quebedeaux","2012-08-20 00:00:00","http://chainsaw.chickenkiller.com:1419/pdfs/MVN-2012-1999-WJJ/public_notice.pdf",0.9,"P20120939","","True","True","False","True","True","St. Mary"
"MVN-2012-1596-EMM","Shoreline Southeast","2012-09-04 00:00:00","Plaquemines Parish","Dredge for Access and Slip to Produce the Magnolia Real Estate #1 Well in PLAQUEMINES PARISH","504-862-2259","Scott.N.Kennedy@usace.army.mil","Scott Kennedy","2012-08-20 00:00:00","http://chainsaw.chickenkiller.com:1419/pdfs/MVN-2012-1596-EMM/public_notice.pdf",24.52,"","","True","True","False","False","False","Plaquemines"
"MVN-2012-1924-WII","Chevron U.S.A.","2012-09-09 00:00:00","Cameron Parish","Construct gaps in existing oilfield roads in Cameron Parish in CAMERON PARISH","504-862-2272","James.Little@usace.army.mil","James Little","2012-08-20 00:00:00","http://chainsaw.chickenkiller.com:1419/pdfs/MVN-2012-1924-WII/public_notice.pdf",2.62,"","","True","True","False","True","False","Cameron"
"MVN-2012-19241-WII","Chevron, U.S.A.","2012-09-04 00:00:00","Cameron Parish","Construct gaps in existing oilfield roads in Cameron Parish in CAMERON PARISH","504-862-2272","James.Little@usace.army.mil","James Little","2012-08-20 00:00:00","http://chainsaw.chickenkiller.com:1419/pdfs/MVN-2012-19241-WII/public_notice.pdf",0,"","","True","True","False","True","False","Cameron"
"MVN-2012-1750-EMM","Leo Cousin","2012-09-04 00:00:00","St. Tammany Parish","Construct a Homesite in the Highway 11 Canal in ST. TAMMANY PARISH","504-862-2259","Scott.N.Kennedy@usace.army.mil","Scott Kennedy","2012-08-20 00:00:00","http://chainsaw.chickenkiller.com:1419/pdfs/MVN-2012-1750-EMM/public_notice.pdf",0,"","","True","True","False","False","False","St. Tammany"
"MVN-2006-5036-CO","NuStar Energy, LP","2012-09-25 00:00:00","St. James Parish","Monopiles and dock extension in the Mississippi River in ST. JAMES PARISH","504-862-2675","Jamie.M.Crowe@usace.army.mil","Jamie Crowe","2012-08-27 00:00:00","http://chainsaw.chickenkiller.com:1419/pdfs/MVN-2006-5036-CO/public_notice.pdf",0,"","","True","True","False","False","False","St. James"
"MVN-2012-1896-EPP","Kevin Thibodeaux","2012-09-04 00:00:00","St. Tammany Parish","Construct a cover boathouse on Tchefunte Rr. in ST. TAMMANY PARISH","504-862-1564","Stephanie.L.Lacroix@usace.army.mil","Stephanie Lacroix","2012-08-27 00:00:00","http://chainsaw.chickenkiller.com:1419/pdfs/MVN-2012-1896-EPP/public_notice.pdf",0,"","","False","True","False","True","False","St. Tammany"
"MVN-1998-0311-EBB","Harbor Towing and Fleeting","2012-09-26 00:00:00","Orleans Parish","Barge mooring on the Mississippi River in ORLEANS PARISH","504-862-2045","jennifer.e.burkett@usace.army.mil","Jennifer Burkett","2012-08-27 00:00:00","http://chainsaw.chickenkiller.com:1419/pdfs/MVN-1998-0311-EBB/public_notice.pdf",0,"","","True","True","False","False","False","Orleans"
"MVN-2012-01184-WLL","St. Mary Parish Government","2012-09-16 00:00:00","St. Bernard Parish","Artificial Breakwater/ Rock Revetment in ST. BERNARD PARISH","504-862-1954","michael.h.herrmann@usace.army.mil","Mike Herrmann","2012-08-27 00:00:00","http://chainsaw.chickenkiller.com:1419/pdfs/MVN-2012-01184-WLL/public_notice.pdf",85.7,"","","True","True","False","False","False","St. Bernard"
"MVN-2006-1368-EMM","John W. Stone Oil Distributor, LLC","2012-09-26 00:00:00","Jefferson Parish","Install Five Dolphins and Two Buoy Spuds in the Mississippi River in JEFFERSON PARISH","504-862-2259","Scott.N.Kennedy@usace.army.mil","Scott Kennedy","2012-08-27 00:00:00","http://chainsaw.chickenkiller.com:1419/pdfs/MVN-2006-1368-EMM/public_notice.pdf",0,"","","True","True","False","False","False","Jefferson"
"MVN-2012-01897-CJ","Plains Pipeline, LP","2012-09-30 00:00:00","Terrebonne Parish","Pipeline Removal and Bankline Stabilization in TERREBONNE PARISH","504-862-2278","christine.thibodeaux@usace.army.mil","Christine Thibodeaux","2012-09-10 00:00:00","http://chainsaw.chickenkiller.com:1419/pdfs/MVN-2012-01897-CJ/public_notice.pdf",15.34,"","120731-03","True","True","False","False","False","Terrebonne"
"MVN-2012-1538-WII","Calcasieu Parish Police Jury","2012-09-30 00:00:00","Calcasieu Parish","Recreational Park Development in Calcasieu Parish in CALCASIEU PARISH","504-862-2272","James.Little@usace.army.mil","James Little","2012-09-10 00:00:00","http://chainsaw.chickenkiller.com:1419/pdfs/MVN-2012-1538-WII/public_notice.pdf",0.94,"","","True","True","False","True","True","Calcasieu"
"MVN-2011-02988-CS","Richard C. Folse","2012-09-30 00:00:00","Lafourche Parish","Culverts, Bulkhead and Fill in Lafourche Parish in LAFOURCHE PARISH","504-862-1113","Miranda.A.Martin@usace.army.mil","Miranda Martin","2012-09-10 00:00:00","http://chainsaw.chickenkiller.com:1419/pdfs/MVN-2011-02988-CS/public_notice.pdf",0.45,"","120223-02","True","True","False","False","False","Lafourche"
"MVN-2012-00776-WMM","Sundrop Fuels Louisiana, LLC","2012-09-30 00:00:00","Rapides Parish","Biofuels Plant in RAPIDES PARISH","504-862-1879","angelle.v.greer@usace.army.mil","Angelle Greer","2012-09-10 00:00:00","http://chainsaw.chickenkiller.com:1419/pdfs/MVN-2012-00776-WMM/public_notice.pdf",23.6,"","120821-01","True","True","False","False","True","Rapides"
"MVN-2011-00428-WLL","Terrebonne Parish Consolidated Government","2012-09-29 00:00:00","Terrebonne Parish","Protection Levee in TERREBONNE PARISH","504-862-1954","michael.h.herrmann@usace.army.mil","Mike Herrmann","2012-09-10 00:00:00","http://chainsaw.chickenkiller.com:1419/pdfs/MVN-2011-00428-WLL/public_notice.pdf",0,"","","True","True","False","False","True","Terrebonne"
"MVN-1997-3652-ETT","St. Bernard Port, Harbor & Terminal","2012-10-10 00:00:00","St. Bernard Parish","Modify and expand an exisitng barge  fleeting facility in ST. BERNARD PARISH","504-862-2041","Robert.M.Tewis2@usace.army.mil","Robert Tewis","2012-09-10 00:00:00","http://chainsaw.chickenkiller.com:1419/pdfs/MVN-1997-3652-ETT/public_notice.pdf",0,"","","True","True","False","False","False","St. Bernard"
"MVN-2001-2659-CY","General Health System","2012-09-30 00:00:00","East Baton Rouge Parish","Baton Rouge General Hospital Bluebonnet Campus Expansion in EAST BATON ROUGE PARISH","504-862-1581","John.M.Herman@usace.army.mil","John Herman","2012-09-10 00:00:00","http://chainsaw.chickenkiller.com:1419/pdfs/MVN-2001-2659-CY/public_notice.pdf",21.26,"","","True","True","False","True","False","East Baton Rouge"
"MVN-2012-01962-WOO","Corey Naquin","2012-10-01 00:00:00","Terrebonne Parish","Bulkhead, Boat Ramp and Boathouse in TERREBONNE PARISH","504-862-1445","donald.a.rodrigue@usace.army.mil","Donald Rodrigue","2012-09-10 00:00:00","http://chainsaw.chickenkiller.com:1419/pdfs/MVN-2012-01962-WOO/public_notice.pdf",0,"","120906-02","True","True","False","False","False","Terrebonne"
"MVN-2003-3989-CL","Cheval Point Corporation","2012-09-30 00:00:00","East Baton Rouge Parish","Permit Modification clear and fill for a subdivision in EAST BATON ROUGE PARISH","504-862-1577","amy.l.oestringer@usace.army.mil","Amy Oestringer","2012-09-10 00:00:00","http://chainsaw.chickenkiller.com:1419/pdfs/MVN-2003-3989-CL/public_notice.pdf",13.9,"","","True","True","False","False","False","East Baton Rouge"
"MVN-2012-2091-WJJ","Paul Dufrene III","2012-10-07 00:00:00","Lafourche Parish","Bulkhead, dredge, backfill in LAFOURCHE PARISH","504-862-2224","Bobby.D.Quebedeaux@usace.army.mil","Bobby Quebedeaux","2012-09-17 00:00:00","http://chainsaw.chickenkiller.com:1419/pdfs/MVN-2012-2091-WJJ/public_notice.pdf",0.2,"P20121175","","True","True","False","False","True","Lafourche"
"MVN-1997-0005-CO","BASF","2012-10-16 00:00:00","Ascension Parish","Monopiles at existing facility in the Mississippi River in ASCENSION PARISH","504-862-2675","Jamie.M.Crowe@usace.army.mil","Jamie Crowe","2012-09-17 00:00:00","http://chainsaw.chickenkiller.com:1419/pdfs/MVN-1997-0005-CO/public_notice.pdf",0,"","","True","True","False","False","False","Ascension"
"MVN-2008-03033","LA Coastal Protection and Restoration Authority","2012-10-24 00:00:00","Plaquemines Parish","Modify an exisitng permit in PLAQUEMINES PARISH","504-862-2041","Robert.M.Tewis2@usace.army.mil","Robert Tewis","2012-09-24 00:00:00","http://chainsaw.chickenkiller.com:1419/pdfs/MVN-2008-03033/public_notice.pdf",668,"","","True","True","False","False","False","Plaquemines"
"MVN-2012-01578-WPP","Lafourche Parish Government","2012-10-08 00:00:00","Lafourche Parish","Public Boat Launch Facility at Leeville, in Lafourche Parish in LAFOURCHE PARISH","504-862-2548","Johnny.j.duplantis@usace.army.mil","Johnny Duplantis","2012-09-17 00:00:00","http://chainsaw.chickenkiller.com:1419/pdfs/MVN-2012-01578-WPP/public_notice.pdf",3.83,"","120913-01","True","True","False","False","False","Lafourche"
"MVN-2012-00895-WPP","ASH Limited, INC","2012-10-08 00:00:00","Iberia Parish","Access Road in Iberia Parish in IBERIA PARISH","504-862-2548","Johnny.j.duplantis@usace.army.mil","Johnny Duplantis","2012-09-17 00:00:00","http://chainsaw.chickenkiller.com:1419/pdfs/MVN-2012-00895-WPP/public_notice.pdf",2.17,"","","True","True","False","True","False","Iberia"
"MVN-2012-02126-WKK","Breaux Bay Craft","2012-10-07 00:00:00","Iberia Parish","Dredging, Bulkhead, Boat Slip, and Culvert in IBERIA PARISH","504-862-1025","sara.b.fortuna@usace.army.mil","Sara Fortuna","2012-09-17 00:00:00","http://chainsaw.chickenkiller.com:1419/pdfs/MVN-2012-02126-WKK/public_notice.pdf",0,"","","True","True","False","True","False","Iberia"
"MVN-2012-00959-WII","Timmy Daigle","2012-10-07 00:00:00","Cameron Parish","Levee Restoration and Waterfowl Habitat Enhancement in CAMERON PARISH","504-862-2272","James.Little@usace.army.mil","James Little","2012-09-17 00:00:00","http://chainsaw.chickenkiller.com:1419/pdfs/MVN-2012-00959-WII/public_notice.pdf",67.76,"","","True","True","False","False","False","Cameron"
"MVN-2012-01690-WII","Jerome Karam","2012-10-07 00:00:00","Rapides Parish","Commercial Development in RAPIDES PARISH","504-862-2272","James.Little@usace.army.mil","James Little","2012-09-17 00:00:00","http://chainsaw.chickenkiller.com:1419/pdfs/MVN-2012-01690-WII/public_notice.pdf",8,"","","True","True","False","False","True","Rapides"
"MVN-2011-02421-WII","Coy Gremillion","2012-10-07 00:00:00","Rapides Parish","Silviculture Activities in RAPIDES PARISH","504-862-2272","James.Little@usace.army.mil","James Little","2012-09-17 00:00:00","http://chainsaw.chickenkiller.com:1419/pdfs/MVN-2011-02421-WII/public_notice.pdf",11.3,"","","True","True","False","False","False","Rapides"
"MVN-1999-2780-EFF","Resource Bank","2012-10-08 00:00:00","St. Tammany Parish","Permit Modification to construct three family home sites in ST. TAMMANY PARISH","504-862-2260","Darrell.Barbara@usace.army.mil","Darrell Barbara","2012-09-17 00:00:00","http://chainsaw.chickenkiller.com:1419/pdfs/MVN-1999-2780-EFF/public_notice.pdf",27.38,"","","True","True","False","False","False","St. Tammany"
"MVN-2011-3012-CO","Port Cargo Services","2012-10-16 00:00:00","Ascension Parish","Steamboat Overlook Structure in Mississippi River in ASCENSION PARISH","504-862-2675","Jamie.M.Crowe@usace.army.mil","Jamie Crowe","2012-09-17 00:00:00","http://chainsaw.chickenkiller.com:1419/pdfs/MVN-2011-3012-CO/public_notice.pdf",2,"","120924-03","True","True","False","False","True","Ascension"
"MVN-2012-2089-EOO","The Louisiana Fruit Company","2012-10-06 00:00:00","Plaquemines Parish","Navigation Restriction Structure at Grand Pass in PLAQUEMINES PARISH","504-862-2225","Brad.LaBorde@usace.army.mil","Brad LaBorde","2012-09-17 00:00:00","http://chainsaw.chickenkiller.com:1419/pdfs/MVN-2012-2089-EOO/public_notice.pdf",0,"","120924-02","True","True","False","False","False","Plaquemines"
"MVN-2012-02034-CM","William E. Horsfall","2012-10-08 00:00:00","Terrebonne Parish","Fill Placement for the Construction of  a Camp, Concrete Slab, Pier, and Boat Dock on Bayou Pointe Au Chenes in TERREBONNE PARISH","504-862-1301","neil.t.gauthier@usace.army.mil","Neil Gauthier","2012-09-17 00:00:00","http://chainsaw.chickenkiller.com:1419/pdfs/MVN-2012-02034-CM/public_notice.pdf",0,"","120924-01","True","True","False","False","False","Terrebonne"
"MVN-2008-3033-ETT","The LA Coastal Protection and Restoration Authority","2012-10-17 00:00:00","Plaquemines Parish","Increase mooring capacity and work areas of an exisitng permit in PLAQUEMINES PARISH","504-862-2041","Robert.M.Tewis2@usace.army.mil","Robert Tewis","2012-09-17 00:00:00","http://chainsaw.chickenkiller.com:1419/pdfs/MVN-2008-3033-ETT/public_notice.pdf",668,"","","True","True","False","False","False","Plaquemines"
"MVN-2012-1996-CU","St. John the Baptist Parish","2012-10-11 00:00:00","St. John the Baptist Parish","Rock dike along Lac des Allemands in ST. JOHN THE BAPTIST PARISH","504-862-1588","Doris.Terrell@usace.army.mil","Doris Terrell","2012-09-21 00:00:00","http://chainsaw.chickenkiller.com:1419/pdfs/MVN-2012-1996-CU/public_notice.pdf",70,"P20120988","","True","True","False","False","False","St. John the Baptist"
"MVN-2012-2176-EPP","Louisiana Association of Conservation Districts","2012-10-09 00:00:00","St. Bernard Parish","Install floating marsh islands in Bayou Bienvenue in ST. BERNARD PARISH","504-862-1564","Stephanie.L.Lacroix@usace.army.mil","Stephanie Lacroix","2012-09-24 00:00:00","http://chainsaw.chickenkiller.com:1419/pdfs/MVN-2012-2176-EPP/public_notice.pdf",0,"","","True","True","False","False","False","St. Bernard"
